step,Gt_log,Gt_log_EMA,Rm_log_raw_avg,Rm_log_raw_std,Rm_norm_avg,Rm_norm_std,Sm_log_avg,Sm_log_cls_avg,Sm_log_std,Sm_raw_cls_avg,cls_density,cls_norm,gamma_t,lambda_max_EMA,meta_grad_norm,meta_loss,module_entropy_avg,module_grad_norm_avg,module_loss_avg,noise_std
0,0.06985082477331161,0.06985082477331161,-0.06985081732273102,0.0014908077428117394,-3.7550926208496094e-06,0.8660252178438391,0.06985082291066647,0.06985082291066647,0.001291077113167044,0.07234908640384674,0.048828125,5.92401647567749,0.2100781798362732,-100.0,0.3378196266862348,0.008741541765630245,-452.42706298828125,79.84866646651683,4.690315246582031,0.05
